<?xml version='1.1' encoding='UTF-8'?>
<com.cloudbees.plugins.credentials.SystemCredentialsProvider plugin="credentials@2.1.18">
  <domainCredentialsMap class="hudson.util.CopyOnWriteMap$Hash">
    <entry>
      <com.cloudbees.plugins.credentials.domains.Domain>
        <specifications/>
      </com.cloudbees.plugins.credentials.domains.Domain>
      <java.util.concurrent.CopyOnWriteArrayList>
        <com.cloudbees.plugins.credentials.impl.UsernamePasswordCredentialsImpl>
          <scope>GLOBAL</scope>
          <id>798a1189-1a44-45bf-8e47-31ab2b55e5db</id>
          <description></description>
          <username>sagadmin</username>
          <password>{AQAAABAAAAAQAlGaAXCoUxG7lPxRbN81wV+vw9C2trV50xpmIdHlWPo=}</password>
        </com.cloudbees.plugins.credentials.impl.UsernamePasswordCredentialsImpl>
        <com.cloudbees.plugins.credentials.impl.UsernamePasswordCredentialsImpl>
          <scope>GLOBAL</scope>
          <id>5bd42223-63d8-461b-a930-9ef0513a0ce2</id>
          <description>Ok</description>
          <username>siqavm</username>
          <password>{AQAAABAAAAAQ91WLH/awnn4wbfq37XM5WZSLit4jFQNydKUTUwdEhYg=}</password>
        </com.cloudbees.plugins.credentials.impl.UsernamePasswordCredentialsImpl>
        <com.cloudbees.plugins.credentials.impl.UsernamePasswordCredentialsImpl>
          <scope>GLOBAL</scope>
          <id>4a619316-6989-47db-9f7a-40740e8cf2c2</id>
          <description></description>
          <username>system</username>
          <password>{AQAAABAAAAAQYfn59wc2+X+lblq9nb0Wk6fqeQwpDTyy4cZHx7gkSoE=}</password>
        </com.cloudbees.plugins.credentials.impl.UsernamePasswordCredentialsImpl>
        <com.cloudbees.plugins.credentials.impl.UsernamePasswordCredentialsImpl>
          <scope>GLOBAL</scope>
          <id>61631bad-fca3-4e2a-9879-2de902d796a0</id>
          <description></description>
          <username>oracle</username>
          <password>{AQAAABAAAAAQ1t92kEkgki+vv/rlJCZF4OnqJSUciLeKrZpOrDoCUmo=}</password>
        </com.cloudbees.plugins.credentials.impl.UsernamePasswordCredentialsImpl>
        <com.cloudbees.plugins.credentials.impl.UsernamePasswordCredentialsImpl>
          <scope>GLOBAL</scope>
          <id>1d14e18b-059b-42ec-8199-074a8e180be8</id>
          <description>ok</description>
          <username>oracle</username>
          <password>{AQAAABAAAAAQv1nhHc6w4EuVVJPxg78gR3iS5829wsJPwsGZEY6R3KQ=}</password>
        </com.cloudbees.plugins.credentials.impl.UsernamePasswordCredentialsImpl>
        <com.cloudbees.plugins.credentials.impl.UsernamePasswordCredentialsImpl>
          <scope>GLOBAL</scope>
          <id>e592511c-b56b-4e46-9f9a-8829dc538017</id>
          <description></description>
          <username>oracle</username>
          <password>{AQAAABAAAAAQ4KCw07qKKPpO+YBqX3HhnHVZ1s4RkxFABCaz9FVp36Q=}</password>
        </com.cloudbees.plugins.credentials.impl.UsernamePasswordCredentialsImpl>
        <com.cloudbees.plugins.credentials.impl.UsernamePasswordCredentialsImpl>
          <scope>GLOBAL</scope>
          <id>76024ad6-a39e-42a9-914d-85e22819ba81</id>
          <description>drpepper</description>
          <username>Administrator</username>
          <password>{AQAAABAAAAAQ4NcGVmofgQaepPp3i3PhXfA2ktYnE4KspqMh7HlRGdo=}</password>
        </com.cloudbees.plugins.credentials.impl.UsernamePasswordCredentialsImpl>
        <com.cloudbees.plugins.credentials.impl.UsernamePasswordCredentialsImpl>
          <scope>GLOBAL</scope>
          <id>7a96f97a-4b11-4219-9406-7a746f551981</id>
          <description></description>
          <username>admin</username>
          <password>{AQAAABAAAAAQgiQ2ecAOCpGjKIe6Vx1L5io9PLo29CqCun+KycmUGMU=}</password>
        </com.cloudbees.plugins.credentials.impl.UsernamePasswordCredentialsImpl>
        <com.cloudbees.plugins.credentials.impl.UsernamePasswordCredentialsImpl>
          <scope>GLOBAL</scope>
          <id>146008da-1b1a-4512-a83d-8c47ce68592e</id>
          <description></description>
          <username>saguser</username>
          <password>{AQAAABAAAAAQ84Wo+GysRtzEkwSLmrGStBl6HPAE6oZOf795vTDqAEc=}</password>
        </com.cloudbees.plugins.credentials.impl.UsernamePasswordCredentialsImpl>
        <com.cloudbees.plugins.credentials.impl.UsernamePasswordCredentialsImpl>
          <scope>GLOBAL</scope>
          <id>3ea2bfa4-b5a3-4bad-b75e-02c03d41a03b</id>
          <description></description>
          <username></username>
          <password>{AQAAABAAAAAQ4t+VQu+yR7W1XqKXQN4sYxyFhbTay/684Ho2/lUINrw=}</password>
        </com.cloudbees.plugins.credentials.impl.UsernamePasswordCredentialsImpl>
        <com.cloudbees.plugins.credentials.impl.UsernamePasswordCredentialsImpl>
          <scope>GLOBAL</scope>
          <id>2d751c13-92bf-497d-80ce-61b308ddd69a</id>
          <description></description>
          <username>spku</username>
          <password>{AQAAABAAAAAgfvQJ+6hB9fUeNvTpx/FCM9xv+HQVG2fVX6+sgpsU5ja+FrNKqcQmUkbhhwS8MXqy}</password>
        </com.cloudbees.plugins.credentials.impl.UsernamePasswordCredentialsImpl>
        <com.cloudbees.plugins.credentials.impl.UsernamePasswordCredentialsImpl>
          <scope>GLOBAL</scope>
          <id>07afa05a-4763-459f-8778-0d41f6f2f945</id>
          <description></description>
          <username>sshu</username>
          <password>{AQAAABAAAAAgBWdpC0TBtf80lmB1XEWCAVIhX3iu8dAc6eMtaEpxqDTAfaOAruBCrRBc1IkE7hjc}</password>
        </com.cloudbees.plugins.credentials.impl.UsernamePasswordCredentialsImpl>
        <com.cloudbees.plugins.credentials.impl.UsernamePasswordCredentialsImpl>
          <scope>GLOBAL</scope>
          <id>04c8a0d3-f18f-4aed-9da7-1ba197786b0a</id>
          <description></description>
          <username>testuser</username>
          <password>{AQAAABAAAAAQ3gKAH7TGjaJvLfJvljkSHTEgoqUfzvmDJt7Y9uT/Xcs=}</password>
        </com.cloudbees.plugins.credentials.impl.UsernamePasswordCredentialsImpl>
        <com.cloudbees.plugins.credentials.impl.UsernamePasswordCredentialsImpl>
          <scope>GLOBAL</scope>
          <id>ed7a2d38-6033-4718-8aeb-69a6c44f5309</id>
          <description></description>
          <username>svnuser</username>
          <password>{AQAAABAAAAAQlWC8LhUJwZl4gXl4OQHcoWTnZIAoU3awZyFu9B1+JD8=}</password>
        </com.cloudbees.plugins.credentials.impl.UsernamePasswordCredentialsImpl>
        <com.cloudbees.plugins.credentials.impl.UsernamePasswordCredentialsImpl>
          <scope>GLOBAL</scope>
          <id>538f2359-8c06-49a1-9feb-8e62eb46c059</id>
          <description>(generic)</description>
          <username>siqavm   </username>
          <password>{AQAAABAAAAAgfJTyrVIEsXaJ/gaS2QrmFePRuB8zjL4oDZTHtiTaSZQHsJO04BrBmUlSIkYjXAR8}</password>
        </com.cloudbees.plugins.credentials.impl.UsernamePasswordCredentialsImpl>
        <com.cloudbees.plugins.credentials.impl.UsernamePasswordCredentialsImpl>
          <scope>GLOBAL</scope>
          <id>c2fabe3e-965f-41f1-b5b2-160cd3f32b55</id>
          <description>(generic_new)</description>
          <username>siqavm</username>
          <password>{AQAAABAAAAAgM++OHxRn7O/MJQx0ItLAXZAj66kfKjW7nRvLm0sGYLQHp7/W2jRA95MG4FAmRI3j}</password>
        </com.cloudbees.plugins.credentials.impl.UsernamePasswordCredentialsImpl>
        <com.cloudbees.plugins.credentials.impl.UsernamePasswordCredentialsImpl>
          <scope>GLOBAL</scope>
          <id>saguser_new</id>
          <description>New saguser Creds</description>
          <username>saguser</username>
          <password>{AQAAABAAAAAQjxZdTx4ReUhkF0kVRxmjTt04xqkV6NIndpuLQcpz99E=}</password>
        </com.cloudbees.plugins.credentials.impl.UsernamePasswordCredentialsImpl>
        <com.cloudbees.plugins.credentials.impl.UsernamePasswordCredentialsImpl>
          <scope>GLOBAL</scope>
          <id>VMSPRO3</id>
          <description>VMSPRO3_Oracle19C</description>
          <username>SYSTEM</username>
          <password>{AQAAABAAAAAQUIry3E83MgGBwAx3+lEIpM4bjEhz3tOMV0epxHMwJ7c=}</password>
        </com.cloudbees.plugins.credentials.impl.UsernamePasswordCredentialsImpl>
        <com.cloudbees.plugins.credentials.impl.UsernamePasswordCredentialsImpl>
          <scope>GLOBAL</scope>
          <id>VMSPRO3_System</id>
          <description>VMSPRO3_SystemUser</description>
          <username>oracle</username>
          <password>{AQAAABAAAAAQoNonLUB3Aa4DN4Mx5b9WkaR3AAtrtYrR7QwuwcTyfrg=}</password>
        </com.cloudbees.plugins.credentials.impl.UsernamePasswordCredentialsImpl>
        <com.cloudbees.plugins.credentials.impl.UsernamePasswordCredentialsImpl>
          <scope>GLOBAL</scope>
          <id>3ce034d8-149f-43d2-93f3-6b9fd888e570</id>
          <description>(linuxVM)</description>
          <username>saguser</username>
          <password>{AQAAABAAAAAQFWt1fYV5j+QK4VDpwG+JWZpDPxiaWmnD8XZ8JJF1B9Q=}</password>
        </com.cloudbees.plugins.credentials.impl.UsernamePasswordCredentialsImpl>
      </java.util.concurrent.CopyOnWriteArrayList>
    </entry>
  </domainCredentialsMap>
</com.cloudbees.plugins.credentials.SystemCredentialsProvider>