<?xml version='1.1' encoding='UTF-8'?>
<hudson.tasks.Ant_-DescriptorImpl plugin="ant@1.9">
  <installations>
    <hudson.tasks.Ant_-AntInstallation>
      <name>1.9.15</name>
      <home></home>
      <properties>
        <hudson.tools.InstallSourceProperty>
          <installers>
            <hudson.tasks.Ant_-AntInstaller>
              <id>1.9.15</id>
            </hudson.tasks.Ant_-AntInstaller>
          </installers>
        </hudson.tools.InstallSourceProperty>
      </properties>
    </hudson.tasks.Ant_-AntInstallation>
  </installations>
</hudson.tasks.Ant_-DescriptorImpl>