<?xml version='1.1' encoding='UTF-8'?>
<jenkins.plugins.publish__over__ssh.BapSshPublisherPlugin_-Descriptor plugin="publish-over-ssh@1.20.1">
  <hostConfigurations>
    <jenkins.plugins.publish__over__ssh.BapSshHostConfiguration>
      <name>Ranjith</name>
      <hostname>banrndsrv04</hostname>
      <username>Administrator</username>
      <secretPassword>{AQAAABAAAAAQSiQDnLHNh3gMgawM8AqOzwc4I4xkzoeELiVuWwrM/hs=}</secretPassword>
      <remoteRootDir></remoteRootDir>
      <port>22</port>
      <commonConfig class="jenkins.plugins.publish_over_ssh.BapSshCommonConfiguration">
        <secretPassphrase>{AQAAABAAAAAQ9yGLnSgmsYwZN59dXXhwcBFeZmDW2ImGUIUn5EPp4/4=}</secretPassphrase>
        <key></key>
        <keyPath></keyPath>
        <disableAllExec>false</disableAllExec>
      </commonConfig>
      <timeout>300000</timeout>
      <overrideKey>true</overrideKey>
      <disableExec>false</disableExec>
      <keyInfo>
        <secretPassphrase>{AQAAABAAAAAQ2CrBguEQB3FRRht97fNIdWUgO19GLt60R5dnBFFPiFM=}</secretPassphrase>
        <key></key>
        <keyPath></keyPath>
      </keyInfo>
      <jumpHost></jumpHost>
      <proxyType></proxyType>
      <proxyHost></proxyHost>
      <proxyPort>0</proxyPort>
      <proxyUser></proxyUser>
      <proxyPassword></proxyPassword>
    </jenkins.plugins.publish__over__ssh.BapSshHostConfiguration>
  </hostConfigurations>
  <commonConfig reference="../hostConfigurations/jenkins.plugins.publish__over__ssh.BapSshHostConfiguration/commonConfig"/>
  <defaults class="jenkins.plugins.publish_over_ssh.options.SshPluginDefaults"/>
</jenkins.plugins.publish__over__ssh.BapSshPublisherPlugin_-Descriptor>